{
    "STP2":  {"FLAG": 1, "JOIN": 1, "RISE": 8, "S": 0.000000000000000000, "AX": -0.67832172200479610, "BX": 7.46746094073852500, "FX": 0.8375209565906260, "AZ": 0.654440281332252800, "BZ": 15.8543834686646200, "FZ": 0.4070909947458302},
    "STP4":  {"FLAG": 1, "JOIN": 1, "RISE": 8, "S": 6.666999999999973000, "AX": 0.382215855852952000, "BX": 3.12134573100793000, "FX": 1.1276007828831970, "AZ": 3.092006966498228000, "BZ": 30.4327744664396700, "FZ": 0.1748173223465159},
    "SRP1":  {"FLAG": 1, "JOIN": 1, "RISE": 8, "S": 10.19056499999999000, "AX": -0.80135912815051500, "BX": 4.73571137986208200, "FX": 1.0993288859602180, "AZ": 1.839815514969387000, "BZ": 13.2612522403318100, "FZ": 0.7939499679861819},
    "SRP2":  {"FLAG": 1, "JOIN": 1, "RISE": 8, "S": 17.33762400000006000, "AX": -0.72000655450180950, "BX": 4.56031143400047900, "FX": 1.1569104530707440, "AZ": 1.839551157940964000, "BZ": 13.2824051767155900, "FZ": 0.7915314329512513},
    "SRP3":  {"FLAG": 1, "JOIN": 1, "RISE": 8, "S": 24.48468300000013000, "AX": -0.76998662155393040, "BX": 4.48401954005319300, "FX": 1.1120118202333740, "AZ": 1.847040030773623000, "BZ": 13.3246136618204600, "FZ": 0.7907749064575946},
    "SRP4":  {"FLAG": 1, "JOIN": 1, "RISE": 8, "S": 31.63174200000037000, "AX": -0.78848528664239680, "BX": 4.75536260902127300, "FX": 1.1105707703019640, "AZ": 1.847096144218131000, "BZ": 13.3022870312898800, "FZ": 0.7932109487501582},
    "SRP5":  {"FLAG": 1, "JOIN": 1, "RISE": 8, "S": 38.77880100000056000, "AX": -0.71524167729160830, "BX": 4.49041901747810600, "FX": 1.1572978560002790, "AZ": 1.839605711035199000, "BZ": 13.2606993842820700, "FZ": 0.7939031222736013},
    "SRP6":  {"FLAG": 1, "JOIN": 1, "RISE": 8, "S": 45.92586000000080000, "AX": -0.78885267504044500, "BX": 4.55226358227430500, "FX": 1.1002919757768410, "AZ": 1.839757884563365000, "BZ": 13.2841824452732600, "FZ": 0.7914445921811151},
    "SRP7":  {"FLAG": 1, "JOIN": 1, "RISE": 8, "S": 53.07291900000104000, "AX": -0.76952460142993360, "BX": 4.73943271592021100, "FX": 1.1251068455203780, "AZ": 1.847244086246908000, "BZ": 13.3251170972455100, "FZ": 0.7908238756259900},
    "SRP8":  {"FLAG": 1, "JOIN": 1, "RISE": 8, "S": 60.21997800000127000, "AX": -0.72022019314792600, "BX": 4.44220808252161700, "FX": 1.1506538562453490, "AZ": 1.846883743411643000, "BZ": 13.3004957636699300, "FZ": 0.7932967241900490},
    "SRP9":  {"FLAG": 1, "JOIN": 1, "RISE": 8, "S": 67.36703700000118000, "AX": -0.80155248068921700, "BX": 4.62882255965008000, "FX": 1.5038888054631200, "AZ": 1.839407561805244000, "BZ": 13.2602457587546500, "FZ": 1.1698447087384190},
    "SIP1":  {"FLAG": 1, "JOIN": 1, "RISE": 8, "S": 77.53533100000112000, "AX": -1.75022678654832100, "BX": 12.2392418692111100, "FX": 0.5236650586888008, "AZ": 0.860398075308785000, "BZ": 5.06790138890490400, "FZ": 0.5810087895637803},
    "SIP2":  {"FLAG": 1, "JOIN": 1, "RISE": 8, "S": 81.63351100000120000, "AX": 0.533092312125802500, "BX": 4.92758797530503800, "FX": 1.1427037140041700, "AZ": -1.40942981485097900, "BZ": 12.1275738497346500, "FZ": 0.8042527092885960},
    "SRP10": {"FLAG": 1, "JOIN": 1, "RISE": 8, "S": 88.80737500000110000, "AX": -0.73208898943237340, "BX": 4.44729434494181800, "FX": 1.1410623304829710, "AZ": 1.845929690549129000, "BZ": 13.3218934692318600, "FZ": 0.7905064679204674},
    "SRP11": {"FLAG": 1, "JOIN": 1, "RISE": 8, "S": 95.95443400000110000, "AX": -0.79943981708874410, "BX": 4.66383829414108800, "FX": 1.0973423239054300, "AZ": 1.848258542530387000, "BZ": 13.3120737434088600, "FZ": 0.7927435447450399},
    "SRP12": {"FLAG": 1, "JOIN": 1, "RISE": 8, "S": 103.1014930000010000, "AX": -0.73899177235764060, "BX": 4.64000118660847400, "FX": 1.1451697934959880, "AZ": 1.840685026518630000, "BZ": 13.2631567981985500, "FZ": 0.7941860403494303},
    "SRP13": {"FLAG": 1, "JOIN": 1, "RISE": 8, "S": 110.2485520000009000, "AX": -0.74765916757024450, "BX": 4.45343429557587500, "FX": 1.1285796798607920, "AZ": 1.838566771799779000, "BZ": 13.2743367607637600, "FZ": 0.7919026137798699},
    "SRP14": {"FLAG": 1, "JOIN": 1, "RISE": 8, "S": 117.3956110000009000, "AX": -0.79720727362018140, "BX": 4.71189410373638100, "FX": 1.1014627716588380, "AZ": 1.846199190261104000, "BZ": 13.3229428240130100, "FZ": 0.7905297684944301},
    "SRP15": {"FLAG": 1, "JOIN": 1, "RISE": 8, "S": 124.5426700000003000, "AX": -0.72622919515562470, "BX": 4.57342723417641200, "FX": 1.1523801849288300, "AZ": 1.848105209813220000, "BZ": 13.3104112694209200, "FZ": 0.7928453029174296},
    "SRP16": {"FLAG": 1, "JOIN": 1, "RISE": 8, "S": 131.6897289999994000, "AX": -0.76594166670637150, "BX": 4.48910052489450900, "FX": 1.1155209748511300, "AZ": 1.840419790539694000, "BZ": 13.2621536719419100, "FZ": 0.7941597339194804},
    "SRP17": {"FLAG": 1, "JOIN": 1, "RISE": 8, "S": 138.8367879999986000, "AX": -0.78697815439736870, "BX": 4.73361493674496000, "FX": 0.4691035093430607, "AZ": 1.838727479951415000, "BZ": 13.2760271287500800, "FZ": 0.4758833977488308},
    "SEP5":  {"FLAG": 1, "JOIN": 1, "RISE": 9, "S": 142.5353879999981000, "AX": 1.531816711770417000, "BX": 9.56030102547608000, "FX": 0.7870011440561306, "AZ": -1.14102632139262400, "BZ": 6.94347796232821900, "FZ": 1.0562290617816790},
    "SEP4":  {"FLAG": 1, "JOIN": 1, "RISE": 9, "S": 148.3456377999985000, "AX": -2.83745887407774300, "BX": 17.5020084516956400, "FX": 0.6101824227338106, "AZ": 0.508049548514441300, "BZ": 1.52280355019327700, "FZ": 1.6871488050123310},
    "SEP3":  {"FLAG": 1, "JOIN": 1, "RISE": 9, "S": 156.6496377999982000, "AX": -2.09380092841623900, "BX": 12.4719298008622900, "FX": 0.2566008823455483, "AZ": 5.131413675981983000, "BZ": 35.6315300782963500, "FZ": 1.8093208747033990},
    "SEP1":  {"FLAG": 1, "JOIN": 1, "RISE": 9, "S": 163.9178977999982000, "AX": -5.30832067505824300, "BX": 65.9914230655750500, "FX": 0.0712879421159904, "AZ": -0.45400143484787440, "BZ": 1.55262392982749300, "FZ": 0.9235669674636110},
    "SEP0":  {"FLAG": 1, "JOIN": 1, "RISE": 9, "S": 169.6097577999980000, "AX": 21.73959207654251000, "BX": 31.8483921846725100, "FX": 2.6679807230283290, "AZ": -26.1301782802508100, "BZ": 72.4425496917184300, "FZ": 3.1080667386478210},
    "NEP0":  {"FLAG": 1, "JOIN": 1, "RISE": 9, "S": 176.3897577999987000, "AX": -21.7395920765397500, "BX": 31.8483921846680600, "FX": 0.0712879421159904, "AZ": 26.13017828024937000, "BZ": 72.4425496917164900, "FZ": 0.9235669674631880},
    "NEP1":  {"FLAG": 1, "JOIN": 1, "RISE": 9, "S": 182.0816177999983000, "AX": 5.308320675057431000, "BX": 65.9914230655690900, "FX": 0.2566008823455519, "AZ": 0.454001434848337000, "BZ": 1.55262392982850100, "FZ": 1.8093208747037220},
    "NEP3":  {"FLAG": 1, "JOIN": 1, "RISE": 9, "S": 189.3498777999985000, "AX": 2.093800928416098000, "BX": 12.4719298008635900, "FX": 0.6101824227336685, "AZ": -5.13141367597985900, "BZ": 35.6315300782784400, "FZ": 1.6871488050118200},
    "NEP4":  {"FLAG": 1, "JOIN": 1, "RISE": 9, "S": 197.6538777999982000, "AX": 2.837458874078775000, "BX": 17.5020084517021200, "FX": 0.7870011440558997, "AZ": -0.50804954851406890, "BZ": 1.52280355019385700, "FZ": 1.0562290617819380},
    "NEP5":  {"FLAG": 1, "JOIN": 1, "RISE": 9, "S": 203.4641275999984000, "AX": -1.53181671177008200, "BX": 9.56030102547633000, "FX": 0.4691035093431211, "AZ": 1.141026321391892000, "BZ": 6.94347796232352500, "FZ": 0.4758833977490902},
    "NRP17": {"FLAG": 1, "JOIN": 1, "RISE": 8, "S": 207.1627275999982000, "AX": 0.786978154397399200, "BX": 4.73361493674363400, "FX": 1.1155209748514320, "AZ": -1.83872747995116800, "BZ": 13.2760271287444900, "FZ": 0.7941597339194217},
    "NRP16": {"FLAG": 1, "JOIN": 1, "RISE": 9, "S": 214.3097865999972000, "AX": 0.765941666705993400, "BX": 4.48910052489442900, "FX": 1.1523801849285360, "AZ": -1.84041979054108400, "BZ": 13.2621536719489700, "FZ": 0.7928453029169269},
    "NRP15": {"FLAG": 1, "JOIN": 1, "RISE": 9, "S": 221.4568455999964000, "AX": 0.726229195156077600, "BX": 4.57342723417772500, "FX": 1.1014627716588590,